﻿<?xml version="1.0" encoding="utf-8"?><meta xmlns:xsi="http://www.w3.org/2001/XMLSchema-instance" xmlns:xsd="http://www.w3.org/2001/XMLSchema"><project id="65ovlGYsOlr" courseid="6HwJV3Lzmjs_course_id" thumburl="story_content/thumbnail.jpg" title="MPI-Informatika-Sistem Komputer" datepublished="2024-09-28T05:31:20" version="1.0.0.0" flashdata="story_content/data.swf" html5data="mobile/data.json" mobiledata="mobile/data.gz" enabledownload="false" duration="About 75 minutes" totalaudio="1764" totalvideo="233546"><description>Media ini digunakan untuk mempermudah anak agar belajar lebih praktis dan menyenangkan. Didalam media dilengkapi dengan teks, gambar, video, audio. Serta evaluasi dalam bentuk latihan, ujian, dan permainan untuk menguji pemahaman anak terhadap materi. Semoga media ini bermanfaat bagi kita semua. Aamiin...</description><keywords /><slidemeta moniker="slide" monikerplural="slides" viewslides="53" slidecountdescription="53 slides" /><author name="ASUS" email="" website="" /><application name="Articulate Storyline" version="3.20.30234.0" xmlversion="4.0" /></project></meta>